<?xml version="1.0" encoding="utf-8"?>
<config>
    <xlogcat name="kmsglogcat">
        <logRotateSizeKBytes value="4096"/>
        <maxCompressdFiles value="25"/>
        <cpuSets value="all"/>
        <writeMode value="mmap"/>
        <xlogcatGroup>
            <logStyle value="monitor_node"/>
            <inputNodeSet>
                <dataPath value="/proc/kmsg"/>
            </inputNodeSet>
            <outputFilePath value="/data/log/android_logs/kmsgcat-log"/>
        </xlogcatGroup>
    </xlogcat>
    <xlogcat name="kmsglogcat-r">
        <logRotateSizeKBytes value="4096"/>
        <maxCompressdFiles value="10"/>
        <cpuSets value="all"/>
        <writeMode value="factory"/>
        <xlogcatGroup>
            <logStyle value="monitor_node"/>
            <inputNodeSet>
                <dataPath value="/proc/kmsg"/>
            </inputNodeSet>
            <outputFilePath value="/log/kmsg/kmsg_log"/>
        </xlogcatGroup>
    </xlogcat>
    <xlogcat name="chargelogcat">
        <logRotateSizeKBytes value="4096"/>
        <maxCompressdFiles value="20"/>
        <cpuSets value="little"/>
        <writeMode value="factory"/>
        <xlogcatGroup>
            <logStyle value="poll_node" interval="5"/>
            <inputNodeSet>
                <dataPath value="DateTime"/>
                <title value="Time"/>
                <width value="23"/>
            </inputNodeSet>
            <inputNodeSet>
                <dataPath value="/sys/class/hw_power/coul/coul_data/gaugelog"/>
                <titlePath value="/sys/class/hw_power/coul/coul_data/gaugelog_head"/>
            </inputNodeSet>
            <inputNodeSet>
                <dataPath value="/sys/class/hw_power/charger/charge_data/chargelog"/>
                <titlePath value="/sys/class/hw_power/charger/charge_data/chargelog_head"/>
            </inputNodeSet>
            <outputFilePath value="/data/log/charge-log/charge-log"/>
        </xlogcatGroup>
    </xlogcat>
    <xlogcat name="chargelogcat-r">
        <logRotateSizeKBytes value="2048"/>
        <maxCompressdFiles value="10"/>
        <cpuSets value="little"/>
        <writeMode value="factory"/>
        <xlogcatGroup>
            <logStyle value="poll_node" interval="5"/>
            <inputNodeSet>
                <dataPath value="DateTime"/>
                <title value="Time"/>
                <width value="23"/>
            </inputNodeSet>
            <inputNodeSet>
                <dataPath value="/sys/class/hw_power/coul/coul_data/gaugelog"/>
                <titlePath value="/sys/class/hw_power/coul/coul_data/gaugelog_head"/>
            </inputNodeSet>
            <inputNodeSet>
                <dataPath value="/sys/class/hw_power/charger/charge_data/chargelog"/>
                <titlePath value="/sys/class/hw_power/charger/charge_data/chargelog_head"/>
            </inputNodeSet>
            <outputFilePath value="/log/charge-log/charge-log"/>
        </xlogcatGroup>
    </xlogcat>
    <xlogcat name="sleeplogcat">
        <logRotateSizeKBytes value="4096"/>
        <maxCompressdFiles value="20"/>
        <cpuSets value="little"/>
        <writeMode value="factory"/>
        <xlogcatGroup>
            <logStyle value="poll_node" interval="10"/>
            <inputNodeSet>
                <dataPath value="CurrentTime"/>
            </inputNodeSet>
            <inputNodeSet>
                <dataPath value="/proc/suspend_stats"/>
            </inputNodeSet>
            <outputFilePath value="/data/log/sleeplog/suspendstats-log"/>
        </xlogcatGroup>
        <xlogcatGroup>
            <logStyle value="poll_node" interval="10"/>
            <inputNodeSet>
                <dataPath value="CurrentTime"/>
            </inputNodeSet>
            <inputNodeSet>
                <dataPath value="/sys/kernel/debug/rpmmaster/rpm_master_stats"/>
            </inputNodeSet>
            <outputFilePath value="/data/log/sleeplog/master_stats-log"/>
        </xlogcatGroup>
        <xlogcatGroup>
            <logStyle value="poll_node" interval="10"/>
            <inputNodeSet>
                <dataPath value="CurrentTime"/>
            </inputNodeSet>
            <inputNodeSet>
                <dataPath value="/sys/kernel/debug/rpmstats/rpm_stats"/>
            </inputNodeSet>
            <outputFilePath value="/data/log/sleeplog/rpmstats-log"/>
        </xlogcatGroup>
        <xlogcatGroup>
            <logStyle value="poll_node" interval="5"/>
            <inputNodeSet>
                <dataPath value="DateTime"/>
                <title value="Date       Time"/>
                <width value="23"/>
            </inputNodeSet>
            <inputNodeSet>
                <dataPath value="/sys/class/leds/lcd-backlight/brightness"/>
                <title value="brightness"/>
                <width value="15"/>
            </inputNodeSet>
            <inputNodeSet>
                <dataPath value="/sys/devices/virtual/thermal/thermal_zone0/temp"/>
                <title value="thermal_zone0"/>
                <width value="15"/>
            </inputNodeSet>
            <inputNodeSet>
                <dataPath value="/sys/devices/virtual/thermal/thermal_zone1/temp"/>
                <title value="thermal_zone1"/>
                <width value="15"/>
            </inputNodeSet>
            <inputNodeSet>
                <dataPath value="/sys/devices/virtual/thermal/thermal_zone2/temp"/>
                <title value="thermal_zone2"/>
                <width value="15"/>
            </inputNodeSet>
            <inputNodeSet>
                <dataPath value="/sys/devices/virtual/thermal/thermal_zone3/temp"/>
                <title value="thermal_zone3"/>
                <width value="15"/>
            </inputNodeSet>
            <inputNodeSet>
                <dataPath value="/sys/devices/virtual/thermal/thermal_zone4/temp"/>
                <title value="thermal_zone4"/>
                <width value="15"/>
            </inputNodeSet>
            <inputNodeSet>
                <dataPath value="/sys/devices/virtual/thermal/thermal_zone5/temp"/>
                <title value="thermal_zone5"/>
                <width value="15"/>
            </inputNodeSet>
            <inputNodeSet>
                <dataPath value="/sys/devices/virtual/thermal/thermal_zone6/temp"/>
                <title value="thermal_zone6"/>
                <width value="15"/>
            </inputNodeSet>
            <inputNodeSet>
                <dataPath value="/sys/devices/virtual/thermal/thermal_zone7/temp"/>
                <title value="thermal_zone7"/>
                <width value="15"/>
            </inputNodeSet>
            <inputNodeSet>
                <dataPath value="/sys/devices/virtual/thermal/thermal_zone8/temp"/>
                <title value="thermal_zone8"/>
                <width value="15"/>
            </inputNodeSet>
            <inputNodeSet>
                <dataPath value="/sys/devices/virtual/thermal/thermal_zone9/temp"/>
                <title value="thermal_zone9"/>
                <width value="15"/>
            </inputNodeSet>
            <inputNodeSet>
                <dataPath value="/sys/devices/virtual/thermal/thermal_zone10/temp"/>
                <title value="thermal_zone10"/>
                <width value="15"/>
            </inputNodeSet>
            <inputNodeSet>
                <dataPath value="/sys/devices/virtual/thermal/thermal_zone11/temp"/>
                <title value="thermal_zone11"/>
                <width value="15"/>
            </inputNodeSet>
            <inputNodeSet>
                <dataPath value="/sys/devices/virtual/thermal/thermal_zone12/temp"/>
                <title value="thermal_zone12"/>
                <width value="15"/>
            </inputNodeSet>
            <inputNodeSet>
                <dataPath value="/sys/devices/virtual/thermal/thermal_zone13/temp"/>
                <title value="thermal_zone13"/>
                <width value="15"/>
            </inputNodeSet>
            <inputNodeSet>
                <dataPath value="/sys/devices/virtual/thermal/thermal_zone14/temp"/>
                <title value="thermal_zone14"/>
                <width value="15"/>
            </inputNodeSet>
            <inputNodeSet>
                <dataPath value="/sys/devices/virtual/thermal/thermal_zone15/temp"/>
                <title value="thermal_zone15"/>
                <width value="15"/>
            </inputNodeSet>
            <inputNodeSet>
                <dataPath value="/sys/module/huawei_thermal/parameters/msm_thermal"/>
                <title value="msm_therm"/>
                <width value="15"/>
            </inputNodeSet>
            <inputNodeSet>
                <dataPath value="/sys/module/huawei_thermal/parameters/chg_thermal"/>
                <title value="chg_therm"/>
                <width value="15"/>
            </inputNodeSet>
            <inputNodeSet>
                <dataPath value="/sys/module/huawei_thermal/parameters/pa_thermal"/>
                <title value="pa_therm"/>
                <width value="15"/>
            </inputNodeSet>
            <inputNodeSet>
                <dataPath value="/sys/devices/system/cpu/online"/>
                <title value="online"/>
                <width value="15"/>
            </inputNodeSet>
            <inputNodeSet>
                <alterdataPath value="/sys/devices/system/cpu/cpu0/cpufreq/cpuinfo_cur_freq"/>
                <alterdataPath value="/sys/devices/system/cpu/cpu1/cpufreq/cpuinfo_cur_freq"/>
                <alterdataPath value="/sys/devices/system/cpu/cpu2/cpufreq/cpuinfo_cur_freq"/>
                <alterdataPath value="/sys/devices/system/cpu/cpu3/cpufreq/cpuinfo_cur_freq"/>
                <title value="cpuinfo_cur_freq(0123)"/>
                <width value="25"/>
            </inputNodeSet>
            <inputNodeSet>
                <alterdataPath value="/sys/devices/system/cpu/cpu0/cpufreq/scaling_max_freq"/>
                <alterdataPath value="/sys/devices/system/cpu/cpu1/cpufreq/scaling_max_freq"/>
                <alterdataPath value="/sys/devices/system/cpu/cpu2/cpufreq/scaling_max_freq"/>
                <alterdataPath value="/sys/devices/system/cpu/cpu3/cpufreq/scaling_max_freq"/>
                <title value="scaling_max_freq(0123)"/>
                <width value="25"/>
            </inputNodeSet>
            <inputNodeSet>
                <alterdataPath value="/sys/devices/system/cpu/cpu4/cpufreq/cpuinfo_cur_freq"/>
                <alterdataPath value="/sys/devices/system/cpu/cpu5/cpufreq/cpuinfo_cur_freq"/>
                <alterdataPath value="/sys/devices/system/cpu/cpu6/cpufreq/cpuinfo_cur_freq"/>
                <alterdataPath value="/sys/devices/system/cpu/cpu7/cpufreq/cpuinfo_cur_freq"/>
                <title value="cpuinfo_cur_freq(4567)"/>
                <width value="25"/>
            </inputNodeSet>
            <inputNodeSet>
                <alterdataPath value="/sys/devices/system/cpu/cpu4/cpufreq/scaling_max_freq"/>
                <alterdataPath value="/sys/devices/system/cpu/cpu5/cpufreq/scaling_max_freq"/>
                <alterdataPath value="/sys/devices/system/cpu/cpu6/cpufreq/scaling_max_freq"/>
                <alterdataPath value="/sys/devices/system/cpu/cpu7/cpufreq/scaling_max_freq"/>
                <title value="scaling_max_freq(4567)"/>
                <width value="25"/>
            </inputNodeSet>
            <outputFilePath value="/data/log/sleeplog/sensor-log"/>
        </xlogcatGroup>
    </xlogcat>
    <xlogcat name="sleeplog_debug">
        <logRotateSizeKBytes value="4096"/>
        <maxCompressdFiles value="20"/>
        <cpuSets value="little"/>
        <writeMode value="factory"/>
        <xlogcatGroup>
            <logStyle value="poll_node" interval="10"/>
            <inputNodeSet>
                <dataPath value="CurrentTime"/>
            </inputNodeSet>
            <inputNodeSet>
                <dataPath value="/proc/interrupts"/>
            </inputNodeSet>
            <outputFilePath value="/data/log/sleeplog/interrupt-log"/>
        </xlogcatGroup>
        <xlogcatGroup>
            <logStyle value="poll_node" interval="10"/>
            <inputNodeSet>
                <dataPath value="CurrentTime"/>
            </inputNodeSet>
            <inputNodeSet>
                <dataPath value="/proc/wakeup_sources"/>
            </inputNodeSet>
            <outputFilePath value="/data/log/sleeplog/wakeupsources-log"/>
        </xlogcatGroup>
        <xlogcatGroup>
            <logStyle value="poll_cmd" interval="10"/>
            <inputCmdSet>
                <command value="alarm"/>
            </inputCmdSet>
            <inputCmdSet>
                <command value="cpuinfo"/>
            </inputCmdSet>
            <inputCmdSet>
                <command value="power"/>
            </inputCmdSet>
            <outputFilePath value="/data/log/sleeplog/dumpsys-log"/>
        </xlogcatGroup>
    </xlogcat>
    <xlogcat name="inputlogcat">
        <logRotateSizeKBytes value="1024"/>
        <maxCompressdFiles value="25"/>
        <cpuSets value="little"/>
        <writeMode value="factory"/>
        <xlogcatGroup>
            <logStyle value="monitor_dir"/>
            <inputDirSet>
                <inputDirPath value="/dev/input"/>
                <pickNode value="huawei,touchscreen"/>
                <pickNode value="cyttsp5_mt"/>
                <pickNode value="huawei,ts_kit"/>
                <pickNode value="hisi_on"/>
                <pickNode value="hisi_gpio_key"/>
                <pickNode value="ps_input"/>
                <pickNode value="hall_input"/>
                <pickNode value="Goodix"/>
                <pickNode value="synaptics"/>
                <pickNode value="cyttsp"/>
                <pickNode value="ms-msg21xx"/>
                <pickNode value="ft6x06_i2c_adapter"/>
                <pickNode value="proximity"/>
                <pickNode value="qpnp_pon"/>
                <pickNode value="gpio-keys"/>
                <pickNode value="touch_key"/>
                <pickNode value="input_mt_wrapper"/>
            </inputDirSet>
            <outputFilePath value="/data/log/input-log/input-log"/>
        </xlogcatGroup>
    </xlogcat>
</config>
